Id,Date,Transaction
11421,8/10,+92.89
11422,2/14,-206.55
11423,8/12,-323.13
11424,2/26,-301.74
11425,6/10,-132.56
11426,7/1,-227.7
11427,9/10,-28.28
11428,5/13,-76.94
11429,3/4,-128.06
11430,1/17,-60.07
11431,9/17,+192.14
11432,3/28,-347.46
11433,7/18,-346.68
11434,5/27,-44.4
11435,7/29,+332.44
11436,4/17,+126.98
11437,11/14,-100.24
11438,9/2,+263.36
11439,7/7,+83.1
11440,9/25,-67.8
11441,11/24,-19.71
11442,2/19,-150.51
11443,9/3,+155.2
11444,9/17,+323.07
11445,1/5,+265.38
11446,4/4,+314.22
11447,8/26,-349.7
11448,1/6,-30.5
11449,3/28,+210.83
11450,1/19,+296.59
11451,11/20,-261
11452,8/0,-89.76
11453,4/7,+163.03
11454,6/13,-204.74
11455,9/14,+186.89
11456,5/8,-218.97
11457,5/21,+144.34
11458,9/15,+287.62
11459,8/0,+100.31
11460,10/15,+279.94
11461,5/27,-102.25
11462,1/6,-46.22
11463,6/18,+112.28
11464,6/18,-203.73
11465,5/2,-283.32
11466,1/8,-85.26
11467,2/8,+213.47
11468,7/12,-29.73
11469,6/6,-82.39
11470,6/24,-81.3
11471,2/12,+95.52
11472,0/23,+34.52
11473,5/13,-81.26
11474,6/29,-77.65
11475,2/15,-156.61
11476,10/7,+306.19
11477,2/5,-322.8
11478,2/6,-214.58
11479,10/17,+255.87
11480,5/4,-282.92
11481,2/7,+110.84
11482,10/3,+220.18
11483,4/11,+145.71
11484,8/7,+181.16
11485,10/0,+305.81
11486,10/8,-122.05
11487,0/5,-21.3
11488,0/4,-306.33
11489,10/15,-142.44
11490,3/20,-312.66
11491,5/15,-309.3
11492,10/18,+144.45
11493,0/15,-195
11494,1/24,+343.36
11495,7/20,+138.21
11496,9/16,-190.71
11497,8/11,+176.08
11498,0/18,-315.52
11499,7/9,-71.95
11500,4/14,+207.27
11501,6/1,+116.68
11502,9/15,-13.14
11503,3/16,-279.56
11504,6/15,+177.6
11505,11/21,+159.7
11506,8/8,+174.29
11507,0/28,+88.81
11508,1/15,-334.06
11509,4/28,-212.51
11510,2/9,+214.79
11511,7/17,+52.32
11512,3/26,-324.14
11513,4/17,-198.57
11514,4/8,-59.13
11515,5/5,+225.38
11516,2/6,+167.77
11517,5/29,+59.24
11518,11/6,+119.42
11519,6/21,-279.38
11520,7/2,-216.04
11521,11/12,-87.57
11522,5/28,+60.73
11523,1/6,+232.05
11524,3/2,+72.02
11525,1/9,-259.86
11526,0/7,-27.32
11527,8/28,-321.37
11528,9/24,-290.55
11529,3/2,-144.24
11530,1/26,-200.93
11531,10/13,+200.94
11532,2/22,-246.59
11533,3/28,+10.01
11534,3/14,+94.6
11535,8/26,-296.15
11536,6/6,+205.75
11537,10/20,+324.9
11538,6/10,-255.71
11539,3/21,-17.73
11540,0/13,-18.29
11541,9/11,+65.75
11542,6/8,+129.25
11543,0/15,+206.49
11544,6/19,+169.92
11545,10/13,-143.24
11546,8/0,+150.16
11547,2/8,+130.25
11548,5/16,+286.38
11549,1/11,+145.92
11550,8/1,+312.1
11551,6/17,+16.71
11552,10/26,+245.73
11553,5/10,-176.86
11554,3/21,+327.09
11555,7/15,+291.79
11556,2/20,-231.59
11557,6/17,-286.09
11558,11/4,-315.11
11559,3/0,+84.01
11560,6/8,+309.25
11561,3/18,-207.63
11562,10/13,+17.28
11563,9/26,+163.18
11564,11/19,+47.37
11565,4/11,-296.93
11566,11/19,-34.72
11567,6/18,+16.74
11568,10/8,+70.02
11569,6/6,-194.14
11570,1/16,+321.69
11571,11/19,+180.88
11572,3/25,-90.56
11573,0/0,-258.86
11574,4/5,-171.3
11575,2/27,-50.12
11576,2/27,+32.94
11577,5/2,-300.52
11578,6/1,-300.2
11579,11/13,-344.58
11580,11/28,+86.72
11581,3/19,-185.65
11582,1/4,-172.21
11583,5/19,+187.36
11584,1/5,-230.53
11585,9/23,+17.15
11586,8/15,-13.79
11587,7/11,+208.59
11588,8/22,-161.34
11589,10/14,-196.45
11590,10/26,+161.16
11591,4/6,+171.46
11592,9/23,+182.32
11593,4/15,+274.61
11594,1/5,-131.76
11595,7/5,+346.34
11596,2/28,+337.98
11597,5/21,-202.71
11598,2/8,+162.09
11599,2/25,-250.4
11600,7/20,+329.82
11601,8/18,+20.5
11602,7/24,-227.48
11603,4/20,+323.47
11604,9/6,-220.71
11605,2/8,-124.07
11606,1/24,-334.1
11607,10/8,-58.4
11608,0/28,-68.64
11609,2/18,+245.56
11610,2/8,+178.08
11611,11/26,+131.59
11612,3/1,+81.66
11613,8/22,-204.61
11614,10/23,-300.5
11615,3/0,+32.74
11616,11/11,+76.81
11617,2/13,+209.49
11618,7/27,+271.64
11619,8/1,-348.46
11620,1/22,+211.64
11621,7/3,+226.17
11622,8/5,-339.36
11623,10/7,+77.61
11624,6/24,-114.96
11625,11/13,+129.67
11626,9/16,+193.65
11627,11/12,-249.9
11628,9/18,-260.57
11629,9/2,-17.23
11630,11/17,-241.14
11631,7/0,-19.91
11632,1/1,-130.28
11633,9/1,-263.32
11634,4/6,+75.32
11635,9/11,-209.23
11636,0/0,-290.37
11637,5/22,-57.25
11638,0/24,-183.14
11639,9/24,+337.44
11640,2/8,-258.36
11641,2/13,+183.62
11642,1/10,-303.51
11643,0/8,+161.2
11644,3/1,+67.72
11645,4/26,+243.23
11646,11/15,-13.97
11647,5/20,-330.06
11648,5/6,+139.57
11649,8/26,+36.74
11650,4/18,-315.77
11651,7/15,-251
11652,7/9,+222.43
11653,7/3,-143.88
11654,7/18,+256.28
11655,8/19,-246.8
11656,4/25,-39.29
11657,3/6,-313.39
11658,1/10,-339.42
11659,0/9,+50.5
11660,9/6,+159.32
11661,1/10,+328.2
11662,0/19,-51.77
11663,11/22,-108.41
11664,6/11,+141.3
11665,4/7,+174.6
11666,11/19,+29.7
11667,8/18,-211.05
11668,3/28,-33.48
11669,9/8,-16.48
11670,0/25,+276.77
11671,0/18,+131.99
11672,10/12,+168.01
11673,11/12,+122.4
11674,5/1,-24.4
11675,11/6,-186.67
11676,2/5,-70.87
11677,8/20,+17.17
11678,4/12,-108.23
11679,11/4,-101.9
11680,8/8,+126.39
11681,8/15,-105.16
11682,5/7,+157.21
11683,5/5,+76.5
11684,3/4,-327.92
11685,5/12,-148.13
11686,11/20,-243.9
11687,4/25,+26.55
11688,3/15,+149.86
11689,0/3,-201.92
11690,3/22,-287.01
11691,8/12,-306.02
11692,9/7,+258.2
11693,9/22,-58.08
11694,2/17,-347.98
11695,10/18,+144.57
11696,8/29,-12.27
11697,0/6,-265.74
11698,5/1,-16.37
11699,6/26,-321.57
11700,1/7,-136.55
11701,11/11,+73.66
11702,8/22,-300.29
11703,11/18,+332.56
11704,11/9,+148.65
11705,10/9,-73.79
11706,9/27,-86.29
11707,2/16,-110.7
11708,7/14,+203.17
11709,6/11,+237.69
11710,11/22,+150.95
11711,10/22,+219.29
11712,3/27,+309.64
11713,2/8,-103.98
11714,8/7,-53.77
11715,4/20,+21.51
11716,9/27,+34.83
11717,10/16,+189.27
11718,11/6,+191.62
11719,8/27,-113.77
11720,7/16,-223.75
11721,11/3,-46.34
11722,0/0,-13.69
11723,4/17,+149.65
11724,1/19,+46.01
11725,0/5,+39.36
11726,2/3,+102.88
11727,7/2,-327.5
11728,8/19,-167.47
11729,3/5,-269.42
11730,6/17,+35.16
11731,0/28,-324.51
11732,4/7,-222.95
11733,8/19,-175.52
11734,2/0,+214.18
11735,1/6,-293.59
11736,9/5,-94.85
11737,11/15,-210.64
11738,11/21,+173.62
11739,10/27,-275.64
11740,11/29,+339.12
11741,1/8,-247.17
11742,3/27,-147.5
11743,4/22,+79.36
11744,10/11,+182.8
11745,5/15,-278.19
11746,10/17,-96.98
11747,10/24,-233.99
11748,1/4,-85.67
11749,9/20,+291.81
11750,2/28,-325.18
11751,1/16,+341.18
11752,0/25,-47.3
11753,8/11,+234.75
11754,0/28,-341.55
11755,3/6,-140.68
11756,5/19,-315.68
11757,2/0,-273.84
11758,0/20,-250.23
11759,10/13,-202.69
11760,0/11,+160.38
11761,5/17,-63.33
11762,7/11,+69.04
11763,9/14,+154.65
11764,8/25,-217.21
11765,1/15,+225.31
11766,2/7,-44.57
11767,6/28,+339.54
11768,7/4,-171.23
11769,9/23,+13.4
11770,7/2,+291.19
11771,1/4,-256.33
11772,9/13,+269.42
11773,1/25,-142.74
11774,3/0,-198.04
11775,10/5,-53.43
11776,9/11,+152.08
11777,6/11,+181.41
11778,3/4,+90.39
11779,7/17,-59.78
11780,5/24,+318.58
11781,5/25,-343
11782,11/13,-323.93
11783,2/17,+70.62
11784,7/7,+89.8
11785,0/6,-220.01
11786,1/17,+292.26
11787,8/13,-35.13
11788,6/28,-102.51
11789,3/9,+196.82
11790,8/29,+255.54
11791,7/22,+47.93
11792,11/12,-278.69
11793,3/9,+318.39
11794,0/11,+139.41
11795,8/27,-98.36
11796,9/15,+87.4
11797,11/11,+124.67
11798,9/16,-65.54
11799,11/16,-143.36
11800,8/6,+112.33
11801,7/21,-268.68
11802,0/29,-256.06
11803,9/21,-271.88
11804,10/19,-329.59
11805,8/3,-87.5
11806,4/23,-308.61
11807,3/28,+253.64
11808,4/6,+144.18
11809,9/2,-232.84
11810,11/8,+254.1
11811,3/10,+313.26
11812,2/2,-343.93
11813,9/1,-238.72
11814,7/2,-343.95
11815,8/15,+164.55
11816,2/12,+99.12
11817,9/2,+328.4
11818,8/16,-262.69
11819,9/28,-68.86
11820,5/13,-194.59
11821,6/0,+32.86
11822,10/2,-221.39
11823,3/24,-187.89
11824,1/25,-162.08
11825,6/15,+88.02
11826,11/25,-201.63
11827,3/2,+115.61
11828,6/22,-271.52
11829,4/17,+235.83
11830,11/13,+10.99
11831,6/6,+281.24
11832,10/14,-310.07
11833,5/25,-312.17
11834,5/5,-215.41
11835,8/14,+224.43
11836,5/19,+108.76
11837,2/7,-202.86
11838,1/24,+146.73
11839,7/9,+303.72
11840,2/4,-244.07
11841,9/21,+232.71
11842,8/4,-289.01
11843,10/15,-55.59
11844,10/12,+61.59
11845,2/4,-17.63
11846,1/19,+174.04
11847,1/24,+236.34
11848,5/19,-192.98
11849,3/26,+266.85
11850,0/5,+193.32
11851,3/8,-43.69
11852,11/18,-182.79
11853,1/25,+192.94
11854,0/7,+271.71
11855,6/29,+80.94
11856,2/4,-235.85
11857,9/2,-346.92
11858,0/2,-190.83
11859,0/29,-40.83
11860,1/5,-218.79
11861,11/29,-285.22
11862,0/2,-27.68
11863,9/26,-139.32
11864,6/9,-259.98
11865,7/5,+177.43
11866,9/18,+66.88
11867,11/27,-68.12
11868,3/14,-85.81
11869,10/26,+264.95
11870,8/5,+55.07
11871,11/22,-167.56
11872,0/6,+311.76
11873,9/18,-329.95
11874,5/2,-298.35
11875,1/20,-348.46
11876,0/24,+336.9
11877,1/11,+113.71
11878,3/2,+262.98
11879,8/24,-322.63
11880,7/7,-334.72
11881,0/16,-235.52
11882,2/1,+52.92
11883,3/0,+89.52
11884,2/1,+81.83
11885,6/3,+86.14
11886,11/9,-17.65
11887,5/24,-184.63
11888,10/15,-299.27
11889,7/3,+253.7
11890,3/15,-229.8
11891,11/23,+93.72
11892,8/4,+10.76
11893,3/22,+188.51
11894,0/18,-207.48
11895,7/13,+227.66
11896,1/19,+20.33
11897,2/16,+58.56
11898,8/3,+40.06
11899,4/28,-265.11
11900,3/25,+278.15
11901,0/16,-103.05
11902,5/20,+45.95
11903,3/1,+13.3
11904,10/17,+80.47
11905,2/12,+151.46
11906,6/26,-280.91
11907,1/25,-147.65
11908,9/16,-323.99
11909,10/1,+168.34
11910,6/5,+121.03
11911,5/16,+318.99
11912,5/10,+47.49
11913,9/28,+41.09
11914,0/27,-308.06
11915,8/10,-82.75
11916,4/17,-307.4
11917,2/24,+81.31
11918,5/9,-317.91
11919,1/14,+347.32
11920,8/10,+149.18
11921,9/27,-306.36
11922,10/13,-187.9
11923,1/19,+132.29
11924,3/17,+100.86
11925,9/11,+317.09
11926,8/26,-179.43
11927,8/24,+304.44
11928,1/27,-151.89
11929,0/29,+128.41
11930,9/17,+139.81
11931,5/4,+139.62
11932,11/8,-234.66
11933,2/1,-237.97
11934,10/22,-320.62
11935,8/29,-13.13
11936,0/11,+330.79
11937,0/15,-12.09
11938,9/5,-76.23
11939,9/0,+276.81
11940,2/7,-345.04
11941,3/3,+120.47
11942,9/19,+197.02
11943,5/14,-174.33
11944,1/1,-318.15
11945,4/29,-276.51
11946,6/12,+337.09
11947,1/29,+98.69
11948,10/27,+187.47
11949,1/21,-158.02
11950,10/24,+57.1
11951,11/0,-325.36
11952,3/14,+210.31
11953,4/25,+110.44
11954,3/1,+50.36
11955,11/5,-256.75
11956,4/5,-99.86
11957,2/23,-98.84
11958,4/24,+90.84
11959,10/22,-204.84
11960,1/7,+317.09
11961,8/27,-96.25
11962,9/19,+329.96
11963,7/14,-319.63
11964,1/16,-100.68
11965,3/2,+267.07
11966,1/22,+17.02
11967,6/14,-287.69
11968,9/20,-15.7
11969,4/15,+39.89
11970,4/27,+109.25
11971,8/12,-201.02
11972,5/0,-181.38
11973,1/21,-221.17
11974,3/0,+98.29
11975,3/10,-148.13
11976,6/22,+50.77
11977,1/6,-108.53
11978,3/6,-132.43
11979,11/18,+251.54
11980,5/5,+242.38
11981,8/21,+60.47
11982,2/8,+334.09
11983,3/22,-199.76
11984,6/13,+81.29
11985,2/3,+252.14
11986,8/6,+305.85
11987,8/6,+283.63
11988,6/1,-212.64
11989,4/5,-122.37
11990,2/0,+206.99
11991,0/13,-319.19
8566,7/25,-336.7
8567,8/5,-223.19
8568,2/23,-239.22
8569,7/13,+171.85
8570,4/11,-25.56
8571,6/22,-299.96
8572,5/11,+24.58
8573,0/23,-165.64
8574,8/8,-244.04
8575,3/2,-214.93
8576,7/23,+161.68
8577,6/23,-112.54
8578,11/10,-231.55
8579,4/18,+28.76
8580,3/1,+84.98
8581,0/17,+203.26
8582,11/23,+194.99
8583,3/21,-220.79
8584,1/2,+255.47
8585,9/13,+32.46
8586,6/5,+95.38
8587,3/3,-169.77
8588,9/21,+263.92
8589,4/15,-115.3
8590,3/10,+267.56
8591,2/3,-132.36
8592,10/4,-300.07
8593,6/25,-14.52
8594,5/5,-254
8595,2/6,+153.85
8596,3/2,+103.19
8597,2/2,+170.64
8598,7/5,+140.28
8599,6/18,-122.76
8600,11/1,+304.85
8601,6/15,-90.37
8602,1/0,-90.34
8603,1/19,+196.92
8604,8/4,-172.31
8605,0/16,+32.06
8606,6/6,+256.17
8607,11/13,-97.49
8608,6/24,-211.41
8609,5/20,-197.95
8610,7/3,-102.44
8611,6/19,-269.74
8612,1/14,+138.05
8613,5/25,+313.07
8614,9/14,+191.58
8615,11/16,-303.33
8616,10/26,-109.58
8617,9/2,-119.49
8618,10/24,-341.26
8619,7/28,-103.16
8620,10/24,-197.37
8621,2/2,+63.15
8622,3/28,+39.44
8623,2/1,+200.3
8624,2/2,+296.2
8625,5/11,+233.78
8626,2/23,-173.27
8627,2/18,+331.74
8628,5/11,-181.31
8629,3/15,+46.97
8630,1/23,+311.67
8631,3/8,+94.08
8632,7/18,+320.85
8633,11/27,-196.91
8634,1/11,+177.29
8635,10/27,-312.81
8636,1/6,+146.56
8637,3/1,+209.47
8638,7/18,-141.81
8639,0/20,-179.11
8640,6/14,+42.93
8641,10/29,+329.58
8642,5/26,+186.33
8643,8/20,+103.04
8644,5/22,-70.84
8645,10/20,+187.32
8646,8/25,-191.86
8647,4/11,-169.53
8648,11/25,+116.97
8649,0/4,+116.27
8650,2/9,-103.73
8651,6/13,+349.09
8652,10/23,+42.74
8653,6/10,+338.14
8654,7/10,+224.23
8655,5/16,-61.43
8656,5/29,-323.49
8657,8/24,+349.24
8658,10/15,-177.82
8659,5/10,-192.99
8660,10/2,-134.49
8661,10/29,+78.91
8662,1/8,-135.85
8663,4/4,-10.84
8664,10/22,+54.75
8665,0/9,-189.79
8666,0/3,-182.36
8667,0/11,+91.87
8668,11/29,+124.58
8669,11/5,+78.77
8670,1/1,+288.52
8671,3/4,-80.68
8672,2/10,+125
8673,10/8,-218.44
8674,4/10,-192.65
8675,1/20,+163.21
8676,5/27,+236.94
8677,9/7,-164.17
8678,4/23,-271.93
8679,8/25,-135.86
8680,11/27,-188.44
8681,11/11,+230.85
8682,10/17,-58.97
8683,7/15,+343.34
8684,10/4,+137.28
8685,8/20,+52.13
8686,5/0,+117.03
8687,9/23,+302.86
8688,9/18,-141.37
8689,2/22,+74.65
8690,9/2,+295.26
8691,2/6,-32.08
8692,2/4,+251.01
8693,1/2,+311.91
8694,10/20,-317.6
8695,7/24,-183.85
8696,11/28,-192.74
8697,2/12,-285.68
8698,9/29,+69.3
8699,9/1,-29.12
8700,11/23,+109.07
8701,8/17,-88.29
8702,1/18,-206.42
8703,3/25,-136.36
8704,5/15,+233.87
8705,11/12,-110.43
8706,0/5,+278.64
8707,9/3,+93.52
8708,2/6,+304.54
8709,4/4,-69.87
8710,9/29,+226.94
8711,1/27,+123.75
8712,2/27,+137.99
8713,8/7,+237.62
8714,10/21,-96.57
8715,8/7,+228.7
8716,3/12,+15.37
8717,8/14,-104.35
8718,11/8,+23.12
8719,3/5,-102.33
8720,4/18,-343.75
8721,0/21,-269.53
8722,5/17,+103.59
8723,9/24,-83.55
8724,2/25,+312.07
8725,4/14,+333.33
8726,2/17,+124.01
8727,11/19,+138.2
8728,5/12,+298.05
8729,9/1,+327.34
8730,10/10,+12.26
8731,5/29,-197.73
8732,1/29,-158.18
8733,9/4,-346.91
8734,9/13,+248.22
8735,3/21,-262.22
8736,10/26,-237.28
8737,1/28,+312.87
8738,7/23,-96.61
8739,0/26,-35.38
8740,4/25,-111.55
8741,2/25,-224.16
8742,6/6,-192.58
8743,0/6,+299.22
8744,10/3,-338.63
8745,9/27,-21.43
8746,6/15,-311.12
8747,10/14,-247.07
8748,8/23,+74.08
8749,1/9,-298.42
8750,5/18,+257.88
8751,10/3,-73.16
8752,1/21,-37.04
8753,9/26,+33.54
8754,8/8,+108.66
8755,1/10,-260.36
8756,4/27,+51.32
8757,7/11,-76.79
8758,9/3,-124.88
8759,5/0,-24.06
8760,5/6,+234.73
8761,8/25,+230.85
8762,8/18,+74.13
8763,8/15,-42.59
8764,11/4,-291.15
8765,5/27,+203.57
8766,11/25,-74.68
8767,11/2,-261.88
8768,8/8,-42.91
8769,4/18,+124.44
8770,2/6,+337.11
8771,4/1,+123.33
8772,1/17,+234.09
8773,8/22,+303.73
8774,9/10,+294.55
8775,0/0,+150.74
8776,9/18,-91.07
8777,3/15,+348.76
8778,0/9,+346.6
8779,3/20,-308.02
8780,1/26,-306.89
8781,0/19,-187.2
8782,9/8,-45.85
8783,4/17,+162.14
8784,10/1,-121.42
8785,7/20,+162.59
8786,11/19,-253.81
8787,4/12,+332.06
8788,10/20,-268.11
8789,7/6,-223.19
8790,8/19,-73.6
8791,4/6,-181.88
8792,11/22,+254.18
8793,8/15,+119.5
8794,3/15,-285.27
8795,5/29,+245.52
8796,6/29,-325.58
8797,2/15,-313.09
8798,9/6,+122
8799,7/23,-301.57
8800,3/28,-28.13
8801,2/23,-326.09
8802,2/18,-229.37
8803,10/14,+162.19
8804,5/14,+49.72
8805,1/23,+308.87
8806,6/4,+266.03
8807,1/20,-90.02
8808,9/8,+318.96
8809,4/11,+131.54
8810,6/10,+288.66
8811,8/21,-172.07
8812,9/12,+323.92
8813,3/6,-269.2
8814,3/11,+349.31
8815,8/26,+69.25
8816,2/22,-249.86
8817,5/12,-185.23
8818,5/3,-43.93
8819,8/25,-71.43
8820,0/12,-42.42
8821,11/21,-56.67
8822,11/6,+128.15
8823,10/6,+218.07
8824,10/28,-304.33
8825,6/16,+151.73
8826,2/2,+182.22
8827,3/9,+169.2
8828,2/6,+17.84
8829,5/6,-337.37
8830,7/6,+308.17
8831,5/6,-27.8
8832,8/21,-189.76
8833,3/6,+177.31
8834,0/15,+204.85
8835,7/18,+264.33
8836,10/5,+135.4
8837,7/20,-26.18
8838,1/5,+61.3
8839,1/2,+174.21
8840,10/13,+292.87
8841,3/2,+225.63
8842,4/20,-208.26
8843,3/15,+340.93
8844,11/25,+136.08
8845,5/29,-138.06
8846,0/12,+176.56
8847,0/12,-282.01
8848,8/15,+149.44
8849,7/21,-293.13
8850,3/4,+157.45
8851,10/29,-231.34
8852,10/5,-287.71
8853,6/17,-183.39
8854,9/10,-245.89
8855,5/6,+231.09
8856,11/23,-110.38
8857,6/5,+311.94
8858,2/20,+265.18
8859,5/5,-142.78
8860,2/0,+213.8
8861,7/20,-102.87
8862,7/1,+322.57
8863,6/15,+267.38
8864,0/19,+165.48
8865,7/15,+318.22
8866,7/6,+340.45
8867,11/23,-208.32
8868,4/15,-73.24
8869,11/5,+25.07
8870,3/15,-191.4
8871,11/19,-223.08
8872,1/22,+246.1
8873,6/23,-109.65
8874,2/18,+20.6
8875,5/10,+245.89
8876,0/3,-103.23
8877,0/4,+89.08
8878,1/27,-330.14
8879,10/17,+76.87
8880,10/18,+129.92
8881,10/6,-327.42
8882,10/7,-66.54
8883,7/13,-295.14
8884,1/27,+327.6
8885,1/22,+233.81
8886,8/5,+339.24
8887,6/8,-192.68
8888,1/6,-142
8889,6/10,-127.04
8890,8/17,+240.18
8891,2/15,-64.96
8892,2/25,+267.03
8893,7/5,-147.72
8894,1/23,-135.85
8895,0/21,-135.76
8896,5/7,-299.24
8897,4/12,-335.09
8898,11/9,-338.2
8899,1/0,+346.46
8900,11/26,+307.76
8901,5/6,+35.92
8902,6/18,+327.68
8903,11/22,+32.96
8904,8/2,+131.14
8905,9/22,+22.58
8906,9/27,+207.25
8907,1/6,+128.42
8908,6/16,+126.8
8909,7/17,-277.32
8910,11/8,-54.3
8911,11/1,-156.7
8912,3/1,-133.06
8913,9/11,+87.27
8914,7/25,+21.42
8915,0/7,-136
8916,1/5,-64.39
8917,6/21,-73.34
8918,2/28,+93.11
8919,6/4,-82
8920,6/4,+293.64
8921,4/28,+279.92
8922,2/0,+298.73
8923,3/21,+297.45
8924,9/3,+133.74
8925,8/26,+131
8926,6/17,+170.11
8927,7/2,+121.93
8928,5/3,+151.62
8929,8/18,+268.63
8930,11/24,-34.01
8931,7/11,-193.01
8932,2/18,-288.65
8933,10/23,+176.88
8934,3/23,+266.03
8935,2/24,+31.59
8936,6/20,+66.4
8937,3/5,+258.16
8938,8/7,+77.14
8939,7/29,+58.99
8940,10/23,+165.05
8941,8/11,+174.56
8942,0/2,+99.33
8943,1/18,+214.3
8944,9/28,+87.68
8945,9/10,+109.36
8946,7/18,-105.72
8947,11/15,-250.17
8948,0/26,+122.95
8949,0/25,+106.88
8950,8/9,+131.47
8951,4/24,+161.81
8952,3/21,-54.27
8953,8/13,+319.18
8954,7/8,+58.51
8955,8/25,+189.91
8956,2/28,-274.08
8957,6/8,-118.39
8958,5/7,+249.52
8959,3/9,-61.53
8960,6/7,-290.83
8961,8/12,+236.72
8962,5/13,-247.77
8963,10/5,+157.74
8964,1/11,+321.87
8965,7/19,-261.08
8966,11/7,+309.85
8967,6/9,-18.9
8968,1/9,+122.6
8969,9/6,-43.16
8970,10/15,-188.75
8971,9/15,+115.22
8972,0/3,-347.37
8973,8/21,-349.23
8974,8/13,+38.39
8975,9/8,-262.86
8976,5/25,+142.11
8977,6/21,-100.34
8978,2/8,+321.88
8979,3/6,-179.43
8980,5/28,+41.87
8981,0/24,+261.03
8982,5/5,+224.09
8983,10/21,+195.41
8984,4/16,-294.67
8985,2/0,-249.32
8986,6/12,+339.01
8987,0/12,+21.47
8988,1/8,+331.99
8989,10/15,-223.19
8990,3/5,-345.84
8991,0/3,-32.94
8992,10/20,+316.88
8993,7/16,-118.21
8994,4/8,+305.56
8995,8/15,-299.87
8996,2/11,+212.46
8997,9/27,+320.95
8998,7/20,+170.18
8999,1/19,-77.56
9000,7/23,-39.97
9001,2/21,-208.45
9002,7/27,+266.59
9003,6/29,+41.55
9004,0/13,-113.38
9005,4/16,+238.44
9006,10/28,-208.38
9007,11/10,-121.25
9008,8/4,+140.97
9009,0/21,+129.12
9010,8/19,-229.63
9011,10/0,+32.79
9012,8/12,-234.34
9013,6/17,+77.41
9014,1/6,-259.59
9015,6/26,+302.66
9016,4/4,-184.55
9017,10/18,+284.44
9018,4/0,-86.6
9019,7/8,-242.06
9020,3/28,+136.48
9021,5/9,+322.93
9022,3/0,-182.77
9023,6/22,+179.78
9024,4/23,-309.25
9025,10/1,-124.69
9026,10/29,-231.88
9027,9/22,+282.9
9028,1/2,-289.11
9029,4/24,-193.18
9030,5/19,+207.47
9031,3/23,+196.35
9032,10/28,+267.82
9033,2/25,+212.23
9034,7/14,+115.69
9035,1/1,-200.65
9036,4/4,-134.51
9037,3/7,+239.19
9038,2/0,-271.84
9039,1/25,+202.64
9040,3/2,-253.98
9041,4/26,+232.24
9042,0/0,+80.12
9043,2/5,+220.96
9044,3/28,+307.5
9045,7/14,-12.97
9046,4/14,+67.41
9047,1/6,-175.29
9048,6/21,+271.87
9049,10/22,-74.73
9050,8/8,+304.67
9051,9/7,-26.33
9052,7/12,-219.96
9053,9/1,+29.52
9054,11/1,-220.74
9055,8/24,+321.43
9056,6/17,+312.48
9057,8/10,+59.84
9058,3/29,+264.96
9059,4/22,+275.75
9060,6/27,+272.54
9061,9/7,-203.95
9062,1/2,+98.64
9063,9/8,+164.26
9064,10/22,-216.48
9065,1/17,-221.4
9066,0/10,-257.3
9067,9/23,+287.7
9068,3/27,-29.18
9069,7/23,-182.69
9070,11/19,-105.97
9071,7/5,-302.98
9072,11/14,-31.36
9073,3/6,+30.55
9074,4/13,-46.54
9075,7/12,-15.58
9076,11/6,+190.85
9077,10/1,+70.59
9078,10/21,-84.24
9079,4/27,+250.31
9080,4/25,-10.27
9081,3/9,+311.13
9082,10/15,+90.93
9083,1/11,-17.34
9084,8/20,+79.95
9085,10/16,+34.57
9086,0/11,-263.64
9087,6/28,+172.43
9088,5/7,+117.9
9089,3/10,+97.08
9090,8/12,+338.45
9091,5/19,-277.4
9092,9/23,-248.79
9093,6/25,-83.16
9094,5/24,-141.04
9095,8/6,-182.63
9096,3/9,+188.18
9097,0/19,-161.42
9098,0/8,-298.11
9099,11/12,-267.55
9100,3/2,+197.8
9101,2/24,-131.16
9102,3/2,-234.45
9103,4/26,+219.52
9104,0/2,-152.06
9105,0/4,+173.28
9106,8/28,-341.86
9107,4/24,-43.5
9108,2/5,-12.06
9109,11/27,+250.1
9110,7/26,+337.05
9111,11/12,+199.28
9112,0/23,-124.52
9113,6/17,+186.82
9114,11/4,-93.96
9115,0/21,-128.43
9116,3/3,-53.72
9117,3/25,+305.35
9118,0/2,-159.8
9119,2/20,+241.41
9120,0/6,+110.21
9121,8/1,+139.48
9122,8/14,-149.87
9123,11/28,-219.95
9124,8/15,-134.54
9125,1/7,+144.75
9126,7/17,+196.06
9127,4/18,+300.39
9128,4/25,-101.09
9129,0/16,+317.89
9130,11/14,-45.69
9131,9/2,+64.41
9132,6/3,-149.56
9133,4/7,-17.86
9134,2/20,-179.73
9135,6/24,-248.88
9136,3/29,-247.67
9137,3/17,-176.14
9138,1/24,-33.89
9139,4/12,-292.31
9140,4/0,-193.81
9141,4/29,-34.55
9142,7/17,+326.55
9143,0/18,-109.55
9144,0/21,+84.62
9145,9/4,-35.65
9146,1/12,+76.53
9147,1/15,-174.48
9148,5/23,-170.35
9149,2/14,+308.75
9150,3/6,-102.16
9151,10/11,-207.22
9152,2/2,+309.39
9153,9/12,-326.06
9154,11/25,-64.04
9155,4/19,+55.49
9156,11/18,+311.18
9157,3/4,+12.41
9158,6/8,-232.05
9159,10/28,+115.16
9160,6/20,-41.11
9161,8/0,-63.17
9162,3/19,-150.43
9163,9/8,-342.14
9164,9/20,-30.54
9165,1/29,-104.04
9166,11/4,+210.59
9167,1/13,-301.49
9168,5/26,+166.41
9169,10/12,+190.2
9170,10/27,-332.95
9171,1/27,-42.15
9172,1/5,+212.91
9173,4/22,+190.21
9174,6/11,+263.31
9175,0/19,+133.58
9176,6/11,-241.92
9177,6/24,-125.62
9178,6/9,-172.76
9179,5/25,+176.95
9180,2/4,+47.29
9181,2/20,-294.2
9182,2/14,-155.74
9183,9/14,+169.7
9184,10/13,+32.12
9185,4/13,+314.79
9186,8/2,+99.67
9187,8/11,-144.02
9188,2/24,+284.05
9189,1/4,-178.78
9190,7/7,+98.42
9191,4/15,-165.43
9192,9/6,+304.54
9193,1/11,-87.41
9194,1/7,+43.54
9195,6/27,+308.46
9196,10/21,-130.94
9197,5/19,+167
9198,6/3,-89.26
9199,8/26,+192.68
9200,2/6,-119.19
9201,3/13,+118.76
9202,7/18,+26.94
9203,4/21,+323.57
9204,7/14,-214.33
9205,8/26,-325.86
9206,3/15,+164.03
9207,9/8,-325.79
9208,9/19,-302.09
9209,9/3,+124.74
9210,0/9,+285.3
9211,9/28,+256.67
9212,3/2,-144.84
9213,6/25,-294.78
9214,2/10,-212.47
9215,3/22,+12.62
9216,9/27,-293.85
9217,6/1,-85.11
9218,9/10,+155.03
9219,4/9,-92.6
9220,2/7,-279.85
9221,10/11,-52.84
9222,10/22,-172.82
9223,4/2,-247.07
9224,8/11,-54.78
9225,3/2,+219.41
9226,3/13,+158.97
9227,1/0,-125.84
9228,7/10,+306.19
9229,4/3,-105.26
9230,2/24,-339.11
9231,11/27,+274.41
9232,1/6,+218.81
9233,1/14,+171.09
9234,5/8,+120.66
9235,11/17,-82.27
9236,5/7,+65.43
9237,5/28,-82.78
9238,2/18,+259.08
9239,7/4,-160.01
9240,7/21,+116.06
9241,10/24,-231.04
9242,3/9,+89.47
9243,9/5,+47.42
9244,2/16,-298.27
9245,1/12,-243.61
9246,4/13,-215.12
9247,9/28,+105.52
9248,4/7,+165.67
9249,6/7,+230.12
9250,5/2,+13.07
9251,7/24,-119.67
9252,2/21,+85.39
9253,6/26,-248.39
9254,3/14,+128.9
9255,8/6,-37.97
9256,0/25,-24.58
9257,3/5,-35.16
9258,1/25,+338.59
9259,7/24,-64.8
9260,0/10,-61.04
9261,9/10,-35.57
9262,9/20,+147.77
9263,10/11,+54.1
9264,2/21,+144.11
9265,8/28,-324.65
9266,10/14,-239.12
9267,3/24,+324.96
9268,2/24,-331.76
9269,2/21,-205.48
9270,6/3,+142.66
9271,6/25,-76.02
9272,11/0,-16.71
9273,10/4,+209.43
9274,0/5,-308.23
9275,1/0,-309.89
9276,10/19,-68.97
9277,9/8,-77.76
9278,11/15,+86.91
9279,7/21,-154.62
9280,7/28,+322.7
9281,6/19,-110.68
9282,2/28,-269.36
9283,7/17,-139.74
9284,2/3,+212.74
9285,0/4,+202.6
9286,5/21,-314.84
9287,5/23,-242.23
9288,2/21,-84.12
9289,6/20,-95.7
9290,6/9,+46.77
9291,11/16,+70.59
9292,11/17,-163.87
9293,9/21,-72.07
9294,10/6,+173.93
9295,0/2,-258.9
9296,1/25,+216.75
9297,1/5,-211.8
9298,11/12,+26.59
9299,9/13,-26.51
9300,3/29,-118.85
9301,3/12,+177.8
9302,11/11,-180.32
9303,2/24,+24.17
9304,5/29,-40.17
9305,1/4,+140.03
9306,8/18,-52.86
9307,7/3,+23.32
9308,11/24,-141.44
9309,9/14,+82.97
9310,4/29,-295.07
9311,1/9,+208.26
9312,6/20,-128.26
9313,7/12,-333.17
9314,6/7,+161.16
9315,5/23,-240.53
9316,5/6,+301.46
9317,11/16,+110.52
9318,2/9,+230.51
9319,1/15,-128.02
9320,6/7,-17.32
9321,0/12,+278.27
9322,10/27,+149.91
9323,1/24,-320.81
9324,3/14,+50
9325,0/7,-150.85
9326,4/19,+192.04
9327,1/12,+112.78
9328,8/27,-330.07
9329,2/6,-329.81
9330,7/11,+180.11
9331,10/18,+73.76
9332,10/13,-178.31
9333,1/21,-187.54
9334,0/25,+10.45
9335,11/20,+330.23
9336,10/18,+59.5
9337,2/24,-286.12
9338,9/17,-195.31
9339,0/26,-290.92
9340,8/25,+156.57
9341,7/24,+291.51
9342,0/18,-321.7
9343,6/26,+127.08
9344,8/22,-26.85
9345,9/21,-33.63
9346,8/6,-263.39
9347,2/19,+188.48
9348,9/24,+57.44
9349,3/13,-173.64
9350,9/11,-201.49
9351,4/16,+51.72
9352,2/29,+320.17
9353,5/26,-177.97
9354,9/13,-151.15
9355,8/5,-290.82
9356,8/21,-85.89
9357,3/25,-228.29
9358,6/7,+220.66
9359,7/22,+104.43
9360,3/3,+43.58
9361,6/15,-225.95
9362,2/25,+20.1
9363,10/12,+241.06
9364,8/22,+116.51
9365,0/24,-349.61
9366,7/27,+61.49
9367,11/24,+38.97
9368,11/7,+190.4
9369,1/6,-171.98
9370,7/17,+122.97
9371,0/9,-37.85
9372,5/13,+82.31
9373,2/11,-325.69
9374,11/19,+79.5
9375,8/12,+40.63
9376,7/19,-137.76
9377,9/18,+198.63
9378,6/15,+298.14
9379,8/1,+47.37
9380,2/4,+343.38
9381,5/17,-254.4
9382,2/25,-208.44
9383,4/23,+130.82
9384,6/22,-326.14
9385,7/1,+153.54
9386,2/3,+279.91
9387,8/8,+152.51
9388,1/6,-239.85
9389,0/2,+51.71
9390,6/27,-32.2
9391,5/17,-339.74
9392,5/6,-322.18
9393,2/27,-61.19
9394,1/3,+329.54
9395,9/8,+209.71
9396,1/17,-144.36
9397,10/27,-94.88
9398,10/6,-283.76
9399,6/27,-10.4
9400,10/7,+182.45
9401,9/4,+291.2
9402,7/25,+231.5
9403,11/4,+271.66
9404,11/14,+330.63
9405,11/3,+145.7
9406,6/15,-29.42
9407,11/21,+140.35
9408,4/23,-203.22
9409,4/26,-194.35
9410,0/27,+118.19
9411,8/16,+112.33
9412,9/8,+284.46
9413,8/2,+326.54
9414,4/5,-274.55
9415,8/6,-72.28
9416,7/3,+227.4
9417,8/21,+151.76
9418,7/13,+120.65
9419,9/27,-163.57
9420,10/0,+196.12
9421,4/10,-279.9
9422,7/5,+80.51
9423,7/20,-68.19
9424,0/6,-78.07
9425,5/7,-143.85
9426,10/28,-242.39
9427,5/25,+216.85
9428,7/2,+169.84
9429,9/19,-174.65
9430,7/18,+164.13
9431,0/16,+191.65
9432,5/18,-99.56
9433,8/21,+186.73
9434,1/23,-110.29
9435,4/24,-336.03
9436,8/5,-229.14
9437,9/24,-184.68
9438,7/13,-309.64
9439,4/14,-139.6
9440,6/4,+304.85
9441,6/3,+153.02
9442,10/20,+285.59
9443,9/7,+276.78
9444,0/23,+328.67
9445,4/3,-11.54
9446,9/3,+221.25
9447,6/2,+191.87
9448,2/21,+136.28
9449,3/28,-234.11
9450,1/16,+335.6
9451,2/19,-208.56
9452,5/13,+199.95
9453,1/9,-160.91
9454,4/10,-284.34
9455,1/28,+310.06
9456,6/9,-219.67
9457,5/3,-323.5
9458,1/24,-190.28
9459,3/27,+199.92
9460,5/17,+137.83
9461,6/8,-262.79
9462,10/17,+221.97
9463,11/1,+258.92
9464,5/27,+147.61
9465,0/18,-134.02
9466,11/3,-269.48
9467,11/19,-110.76
9468,0/21,-174.63
9469,7/8,+304.07
9470,9/11,+149.56
9471,3/25,-158.05
9472,2/24,+134.65
9473,5/3,-86.58
9474,8/9,+236.36
9475,9/12,-73.63
9476,3/20,+317.38
9477,6/15,+194.44
9478,7/21,+51.26
9479,8/13,-25.86
9480,0/3,+297.57
9481,3/16,-182.52
9482,3/18,-81.04
9483,11/24,+255.73
9484,8/5,+163.55
9485,6/16,+43.75
9486,4/14,+274.57
9487,2/24,-19.61
9488,5/3,+248.72
9489,0/9,+52.49
9490,7/12,+146.08
9491,3/2,-146.67
9492,1/22,-156.94
9493,1/1,-338.75
9494,8/14,+12.13
9495,3/27,+170.19
9496,1/13,+50.04
9497,1/2,-77.39
9498,9/12,-249.92
9499,2/3,-12.06
9500,6/28,+15.67
9501,5/13,+261.06
9502,2/11,+12.51
9503,3/28,-257.12
9504,2/5,+197.44
9505,7/17,-276.11
9506,9/21,+341.27
9507,11/29,-220.41
9508,2/19,+167.21
9509,1/21,+346.15
9510,11/21,-232.4
9511,1/13,+97.89
9512,1/21,-149.69
9513,8/18,+280.67
9514,10/21,-157.81
9515,0/9,-10.08
9516,2/9,-329.23
9517,6/27,-68.18
9518,2/12,-35.72
9519,7/1,-342.65
9520,3/21,-79
9521,1/10,+166.47
9522,0/25,-139.17
9523,10/1,+220.51
9524,1/28,+185.29
9525,10/3,+82.99
9526,11/6,-177.6
9527,6/12,+177.99
9528,5/2,+312.79
9529,0/23,+15.75
9530,7/3,-78.23
9531,1/18,-204.48
9532,3/9,-229.91
9533,4/24,-288.17
9534,5/3,-169.33
9535,3/24,-192.56
9536,4/20,+133.59
9537,0/11,-285.75
9538,6/27,-116.13
9539,3/24,+249.24
9540,1/18,-174.8
9541,4/18,-246.76
9542,6/4,+344.03
9543,10/1,-95.11
9544,3/25,+313.27
9545,5/19,-317.59
9546,3/18,-208.58
9547,2/21,+268.31
9548,2/27,-270.57
9549,3/9,+296.75
9550,10/8,+21.91
9551,9/21,+170.5
9552,10/17,+59.12
9553,5/5,+34.82
9554,2/22,-19.17
9555,5/3,+76.16
9556,6/9,+181.57
9557,7/22,-127.87
9558,9/6,+340.55
9559,9/4,+12.21
9560,8/17,+77.75
9561,2/21,+93.87
9562,8/13,+27.72
9563,10/29,-97.36
9564,8/19,-187.09
9565,6/9,+189.59
9566,6/29,+228.02
9567,9/15,-155.67
9568,10/29,-347.16
9569,9/9,+178.85
9570,7/23,+275.95
9571,4/27,-325.35
9572,10/7,-85.53
9573,8/9,+268.64
9574,5/2,-60.74
9575,1/27,+77.32
9576,8/3,+281.61
9577,4/9,-290.06
9578,4/16,+112.85
9579,8/21,+303.65
9580,5/3,+195.78
9581,6/1,+255.27
9582,1/26,+175.09
9583,10/20,+60.28
9584,11/25,-318.26
9585,9/25,+227.35
9586,7/19,-201.94
9587,11/12,-89.84
9588,7/20,+309.9
9589,1/28,+76.31
9590,9/18,+39.09
9591,6/6,+155.25
9592,9/22,+102.77
9593,10/25,-208.32
9594,8/10,+148.23
9595,10/3,-154.38
9596,8/18,-162.84
9597,10/27,+158.58
9598,7/5,+239.24
9599,1/18,-74.93
9600,4/8,+19.45
9601,1/25,+297.74
9602,9/3,-223.63
9603,5/11,-23.37
9604,7/12,-165.92
9605,1/29,+223.56
9606,2/27,-310.28
9607,2/20,-336.23
9608,0/22,+302.33
9609,7/6,-296.98
9610,5/0,+102.18
9611,10/18,-83.29
9612,4/7,-147.72
9613,11/3,-188.09
9614,0/29,-86.48
9615,5/29,+146.29
9616,5/20,+211.63
9617,3/11,-320.82
9618,5/0,-205.67
9619,4/23,+163.85
9620,5/18,+316.17
9621,6/26,+79.22
9622,6/20,+311.58
9623,1/16,+169.34
9624,6/25,-227.48
9625,7/20,-105.68
9626,11/0,-173.38
9627,1/4,-115.5
9628,10/21,-309.55
9629,8/9,+111.55
9630,9/21,-158.11
9631,6/18,+222.97
9632,11/13,-314.71
9633,7/21,-203.09
9634,3/25,+29.16
9635,10/8,+241.67
9636,7/15,+166.17
9637,10/28,+54.19
9638,4/28,-136.23
9639,9/7,+133.93
9640,4/22,-93.37
9641,7/6,+58.53
9642,2/18,+258.52
9643,7/9,+24.22
9644,1/1,+32.41
9645,6/12,+58.15
9646,8/14,+184.83
9647,5/8,+70.4
9648,4/12,+120.42
9649,2/7,-270.62
9650,6/24,-93.5
9651,5/8,-143.34
9652,3/7,-53.63
9653,8/6,-136.04
9654,11/28,-206.1
9655,0/12,+334.03
9656,3/27,-265.31
9657,10/26,-46.15
9658,0/3,-194.26
9659,9/0,+88.35
9660,4/28,+200.64
9661,11/29,+211.38
9662,3/23,-176.12
9663,8/24,+90.07
9664,10/1,+343.13
9665,6/18,-38.81
9666,3/22,+314.42
9667,6/20,-101.15
9668,3/14,+163.69
9669,4/10,-82.65
9670,8/27,+133.98
9671,5/3,-92.84
9672,2/5,+129.21
9673,7/22,-16.61
9674,0/25,+312.65
9675,2/9,+230.43
9676,6/18,+290.49
9677,4/6,+191.61
9678,9/27,-65.24
9679,1/21,-339.91
9680,11/23,+110.74
9681,10/10,+169.9
9682,2/17,-187.56
9683,8/26,-117.7
9684,6/25,-318.33
9685,10/7,-324.48
9686,6/4,-51.68
9687,3/7,+192.04
9688,0/18,+133.63
9689,6/27,+205.32
9690,8/11,+286.05
9691,4/13,-293.09
9692,4/1,+221.11
9693,8/13,+332.05
9694,8/19,-322.33
9695,9/8,-98.73
9696,6/29,+261.16
9697,6/0,-88.76
9698,9/2,-79.52
9699,4/3,-22.14
9700,4/5,-187.85
9701,0/27,-33.01
9702,10/24,-218.38
9703,11/28,+317.1
9704,9/19,+338.89
9705,6/22,-57.84
9706,7/13,+289.19
9707,2/17,-148.88
9708,1/2,-289.83
9709,3/5,-304.76
9710,3/8,+148.93
9711,10/0,+202.07
9712,5/8,+172.96
9713,7/21,-102.14
9714,11/5,+244.92
9715,8/27,+17.99
9716,11/20,+269.41
9717,4/18,+32.32
9718,5/5,+272.76
9719,2/4,-248.75
9720,8/15,+123.07
9721,7/18,+24.77
9722,5/28,+136.27
9723,8/17,-96.34
9724,6/3,+51.68
9725,8/19,+220.75
9726,7/0,+91.87
9727,2/7,+70.11
9728,10/25,-82.96
9729,9/23,-80.52
9730,7/24,-310.04
9731,11/12,+110.12
9732,2/18,-198.45
9733,10/24,+207.03
9734,0/9,+162.53
9735,9/21,+182.51
9736,9/3,+286.13
9737,10/19,+275.56
9738,9/7,-255.79
9739,4/12,+221.45
9740,3/14,-91.28
9741,1/9,+188.88
9742,1/5,-110.06
9743,8/29,-241.92
9744,1/10,-311.05
9745,4/0,+346.52
9746,8/28,-202.65
9747,8/24,-94.37
9748,0/10,+65.7
9749,7/2,-259.55
9750,9/7,-228.84
9751,2/16,+139.35
9752,11/7,+43.03
9753,9/17,+133.13
9754,11/18,-158.07
9755,4/3,+48.5
9756,5/12,-203.69
9757,7/24,-125.21
9758,5/18,-344.29
9759,9/29,+217.61
9760,2/21,-24.48
9761,9/11,+56.34
9762,4/16,-121.42
9763,10/4,+262.4
9764,3/19,-263.43
9765,6/13,+304.43
9766,2/18,+280.57
9767,1/9,+17.62
9768,4/0,-253.48
9769,3/10,-120.19
9770,11/5,+180.19
9771,9/29,-229.66
9772,0/0,-291.68
9773,1/19,+21.1
9774,9/11,+161.92
9775,10/29,-247.9
9776,0/17,+84.04
9777,0/22,+340.06
9778,0/5,+11.79
9779,2/0,+336.41
9780,8/10,-59.44
9781,2/11,+264.43
9782,6/1,+109.9
9783,3/12,-332.92
9784,4/2,+91.7
9785,10/11,+10.6
9786,6/2,+53.46
9787,4/8,-36.81
9788,7/4,-142.44
9789,7/27,-169.1
9790,11/6,-182.85
9791,4/7,-38.33
9792,4/16,+236.35
9793,11/12,+286.63
9794,11/11,+311.91
9795,6/16,+175.32
9796,4/4,-281.61
9797,2/25,-224.1
9798,5/15,-57.62
9799,6/2,+279.4
9800,4/18,-159.94
9801,11/12,-279.98
9802,4/4,-81.09
9803,2/16,+338.51
9804,10/27,-237.78
9805,2/15,-310.46
9806,2/29,-330.77
9807,5/13,-143.09
9808,11/22,-278.1
9809,3/22,+87.35
9810,2/15,+57.36
9811,5/5,-192.66
9812,6/13,+153.68
9813,6/26,+227
9814,0/7,+18.2
9815,10/23,+169.47
9816,11/19,+217.19
9817,0/13,+243.04
9818,8/22,-42.17
9819,8/9,-255.3
9820,2/11,-342.05
9821,11/15,+45.89
9822,2/4,-163.24
9823,0/21,-21.84
9824,4/9,-67.63
9825,3/14,+160.15
9826,11/12,-137.95
9827,8/5,+259.2
9828,0/16,+218.99
9829,0/2,+91.44
9830,10/23,-229.81
9831,4/4,-105.92
9832,7/21,-330.6
9833,3/22,+308.46
9834,1/7,+228.51
9835,7/16,-156.36
9836,3/6,-142.47
9837,0/13,+341.4
9838,5/25,+235.37
9839,11/12,+250.77
9840,9/18,+50.38
9841,7/28,-272.97
9842,3/21,+206.69
9843,7/15,+56.37
9844,11/16,-94.84
9845,3/14,+297.25
9846,3/14,+219.96
9847,6/26,-118.84
9848,0/29,-89.49
9849,2/22,+67.5
9850,0/28,-35.01
9851,7/9,+124.97
9852,11/22,-200.07
9853,4/23,-238.3
9854,3/21,-124.82
9855,0/12,+299.9
9856,4/8,+236.16
9857,3/23,-284.04
9858,1/19,-299.88
9859,1/13,+218.25
9860,0/4,-313.28
9861,11/7,+154.02
9862,6/15,-194.28
9863,6/10,-124.14
9864,2/8,+338.54
9865,3/17,+195.34
9866,11/11,-305.92
9867,6/27,-14.63
9868,0/1,+346.96
9869,6/23,+242.27
9870,0/12,-198.28
9871,6/27,-97.82
9872,11/7,+124.76
9873,7/17,-255.08
9874,5/14,-48.23
9875,3/19,+152.86
9876,5/12,-176.98
9877,6/17,+29.85
9878,3/13,+68.2
9879,5/5,-82.2
9880,0/21,+111.33
9881,10/16,+39.35
9882,3/3,+195.1
9883,6/27,-345.04
9884,8/13,+215.93
9885,0/3,+28.87
9886,5/5,-11.5
9887,11/19,+215.42
9888,3/19,+315.06
9889,2/3,-235.08
9890,6/3,+224.13
9891,1/12,-329.13
9892,10/27,+101.52
9893,4/0,+307.89
9894,1/9,-349.07
9895,9/14,-253.71
9896,3/29,+319.51
9897,10/7,-103.98
9898,8/14,-33.19
9899,1/7,+131.98
9900,3/6,+12.93
9901,5/28,+342.63
9902,11/25,+191.44
9903,5/20,-92.5
9904,7/27,-338.69
9905,11/19,-246.5
9906,7/5,-119.61
9907,1/15,+115.24
9908,4/16,-47.67
9909,2/27,-274.25
9910,5/23,-252.42
9911,4/8,-28.49
9912,4/27,+326.55
9913,4/19,-291.48
9914,6/7,-249.01
9915,9/7,+139.64
9916,5/27,+140.01
9917,4/4,-158.43
9918,7/3,-191.63
9919,10/29,-240.5
9920,9/22,+26.88
9921,8/18,+199.64
9922,5/26,+332.24
9923,7/6,-14.92
9924,2/19,+25.59
9925,11/8,+162.16
9926,1/16,-329.78
9927,10/24,-21.15
9928,4/2,+10.3
9929,8/17,+123.76
9930,11/0,+349.85
9931,11/4,+188.88
9932,0/1,-305.02
9933,4/5,+338.45
9934,0/27,+221.59
9935,7/16,+64.24
9936,6/20,+141.24
9937,5/20,-171.38
9938,8/3,-160.95
9939,4/4,+304.92
9940,5/0,-260.58
9941,6/24,-230.43
9942,9/7,+341.62
9943,7/17,-179.61
9944,0/5,+273.12
9945,4/11,-323.7
9946,5/18,-69.84
9947,3/12,-93.75
9948,3/28,-332.1
9949,10/14,+201.06
9950,0/2,+72.67
9951,9/25,+256.2
9952,5/19,+65.26
9953,3/11,-334.71
9954,8/26,-97.61
9955,10/0,+181.11
9956,0/6,+304.23
9957,4/7,+11.6
9958,1/29,-21.89
9959,6/10,+241.14
9960,0/9,+276.91
9961,6/23,+115.19
9962,10/2,-343.03
9963,5/0,-23.17
9964,5/17,-245.79
9965,11/20,-55.97
9966,8/19,-245.3
9967,1/7,-30.98
9968,3/6,-97.71
9969,5/0,+231.11
9970,0/4,-134.68
9971,3/27,-133.93
9972,2/24,-62.2
9973,4/5,+306.56
9974,9/9,+99.41
9975,9/17,-71.63
9976,2/28,-31.43
9977,3/9,+89.12
9978,11/7,+86.96
9979,0/0,+32.8
9980,11/17,-304.12
9981,11/14,+70.27
9982,4/28,+151.82
9983,5/7,+162.57
9984,8/19,-156.83
9985,8/25,-318.32
9986,0/5,+235.57
9987,5/29,-87.83
9988,11/21,+123.9
9989,9/13,+341.67
9990,7/18,+228.86
9991,4/25,-82.24
9992,6/16,-226.99
9993,11/6,+159.49
9994,10/5,-180.42
9995,9/2,-157
9996,0/8,-210.44
9997,10/28,-48.01
9998,5/22,+118.02
9999,0/18,+226.66
10000,2/3,+147.1
10001,11/25,+260.08
10002,10/23,-255.37
10003,10/13,-39.51
10004,8/25,+77.72
10005,8/27,+345.81
10006,6/18,-199.57
10007,7/6,+34.53
10008,10/1,-299.11
10009,2/6,-89.88
10010,10/23,+176.48
10011,11/18,-70.2
10012,10/5,-291.08
10013,8/14,-281.47
10014,10/18,-43.22
10015,1/22,+58.44
10016,6/0,+339.07
10017,6/5,-232.55
10018,2/14,+16.73
10019,9/20,+221.66
10020,9/19,-321.99
10021,9/9,-256.9
10022,9/20,+16.3
10023,1/23,+124.39
10024,3/5,+131.89
10025,7/26,+94.08
10026,7/29,-119.68
10027,10/29,+60.97
10028,2/0,-186.73
10029,1/16,+265.61
10030,7/8,-39.1
10031,3/26,-286.7
10032,4/23,-22.09
10033,5/29,+210.85
10034,8/18,-155.35
10035,10/22,+216.55
10036,3/15,+150.11
10037,3/6,+157.84
10038,1/9,-305.04
10039,10/10,+304.4
10040,3/1,-141
10041,3/19,+68.77
10042,8/29,-293.19
10043,6/0,+229.22
10044,11/17,-343.02
10045,0/18,-32.62
10046,2/23,-241.25
10047,2/4,-342.3
10048,7/18,-182.94
10049,5/18,-135.48
10050,1/1,-53.24
10051,2/14,+194.22
10052,8/11,+22.82
10053,9/7,+133.68
10054,10/27,-201.54
10055,2/27,-132.83
10056,9/1,+172.97
10057,3/22,-153.66
10058,3/18,+15.07
10059,3/3,+15.79
10060,3/12,-274.8
10061,2/20,-211.1
10062,11/6,+338.74
10063,8/10,+289.61
10064,7/5,+247.65
10065,1/20,+269.17
10066,11/28,-161.14
10067,6/7,+340.79
10068,9/8,-48.07
10069,1/4,-247.13
10070,1/23,-99.79
10071,1/3,+149.3
10072,10/18,-35.08
10073,0/27,+36.1
10074,8/17,+55.58
10075,5/29,-191.52
10076,7/26,+177.97
10077,11/25,+16.03
10078,7/20,+85.16
10079,11/27,+144.14
10080,2/13,+32.41
10081,6/9,+11.18
10082,9/13,-57.57
10083,0/25,+87.57
10084,6/12,+227.73
10085,5/8,+33.49
10086,8/24,+89.72
10087,2/29,+147.63
10088,6/28,-261.5
10089,3/22,-170.9
10090,0/23,-135.15
10091,7/14,-328.26
10092,9/17,-76.03
10093,10/19,+14.37
10094,0/27,-72.25
10095,10/22,+139.28
10096,3/3,-198.44
10097,4/23,+313.08
10098,3/17,+226.28
10099,2/1,+12.37
10100,10/24,+324.49
10101,5/3,-243.1
10102,6/14,+103.92
10103,9/10,+125.31
10104,0/25,-243.16
10105,1/16,+272.93
10106,5/12,+299.25
10107,7/19,-42.92
10108,7/8,-312.16
10109,5/11,+179.04
10110,6/18,-121.8
10111,1/17,+326.34
10112,7/18,-273.74
10113,0/1,+37.25
10114,7/18,+12.56
10115,1/7,-103.08
10116,4/18,+145.61
10117,3/9,-91.32
10118,5/25,+165.05
10119,7/17,-178.45
10120,5/10,+231.42
10121,7/18,-133.77
10122,4/7,+348.73
10123,9/28,+229.9
10124,10/25,+211.37
10125,9/27,+277.29
10126,8/22,-48.05
10127,10/22,+83.34
10128,6/23,-197.43
10129,8/9,-106.99
10130,1/23,-307.22
10131,1/20,+11.83
10132,9/3,-345.4
10133,5/18,+259.34
10134,6/13,-112.26
10135,9/0,-157.96
10136,5/4,-235.8
10137,6/12,+40.73
10138,7/5,+124.7
10139,5/21,+305.96
10140,1/4,+327.79
10141,0/27,+298.64
10142,6/26,+76.88
10143,7/28,+144.15
10144,10/7,+38.18
10145,3/13,+210.8
10146,5/5,-13.93
10147,7/7,-83.46
10148,4/29,-217.31
10149,7/22,-167.57
10150,1/17,-275.73
10151,5/1,+70.74
10152,7/12,-69.07
10153,5/11,-200.74
10154,0/9,-228.27
10155,5/17,-229.27
10156,5/1,-117.23
10157,1/26,-52.37
10158,10/17,+92.41
10159,10/25,+29.1
10160,10/27,+234.8
10161,4/17,-181.98
10162,6/16,-164.09
10163,6/11,+222.8
10164,0/1,+167.71
10165,5/24,-67.41
10166,5/12,+270.47
10167,8/7,+179.18
10168,11/22,+169.51
10169,6/14,+318.64
10170,2/23,-78.97
10171,3/3,+321.27
10172,9/12,-88.87
10173,1/29,-244.84
10174,10/29,-158.97
10175,8/27,-261.3
10176,2/28,+60.42
10177,8/26,-258.74
10178,7/25,-179.64
10179,3/3,-16.54
10180,10/2,-222.1
10181,0/16,+237.09
10182,5/3,+209.72
10183,1/7,-183.75
10184,9/23,-47.25
10185,10/12,-59.67
10186,8/28,-307.23
10187,1/6,-282.75
10188,10/22,+129.95
10189,6/26,+84.22
10190,4/13,+318.14
10191,4/1,+143.85
10192,5/7,+156.09
10193,7/15,-331.46
10194,1/21,-217.69
10195,2/15,-69.76
10196,4/22,-56.42
10197,4/21,-67.1
10198,0/14,-14.21
10199,2/20,+347.69
10200,4/19,-255.32
10201,1/3,-140.06
10202,9/19,-168.19
10203,0/24,-284.43
10204,2/13,+131.94
10205,5/3,-60.85
10206,3/19,-328.69
10207,9/28,+267.01
10208,2/21,-342.04
10209,6/0,+274.52
10210,6/13,-228.34
10211,3/7,+141.11
10212,3/17,-154.15
10213,0/23,-303.53
10214,11/23,-340.16
10215,4/23,+201.94
10216,0/2,-322.13
10217,9/10,-182.26
10218,11/25,-149.86
10219,5/28,+209.03
10220,2/21,+343.35
10221,4/19,-54.82
10222,0/27,+203.8
10223,11/12,-243.17
10224,3/5,-119.91
10225,4/17,-203.53
10226,8/13,-164.68
10227,7/12,+110.23
10228,5/17,+264.23
10229,2/29,+305.5
10230,4/9,-38.64
10231,2/22,+271.44
10232,9/21,+268.1
10233,7/23,-86.01
10234,7/25,+144.01
10235,2/28,+185.08
10236,11/22,-219
10237,9/16,-239.51
10238,6/26,+106.17
10239,4/18,-268.44
10240,0/19,+94.08
10241,0/13,-111.59
10242,9/25,+223.86
10243,9/23,-19.5
10244,2/0,-198.75
10245,5/26,-329.83
10246,1/12,-308.12
10247,9/12,-168.97
10248,9/21,+26.12
10249,9/27,-82.19
10250,10/9,+99.42
10251,0/18,-220.76
10252,8/23,+24.49
10253,4/10,-54.62
10254,4/14,+146.67
10255,6/15,+253.82
10256,0/0,-45.03
10257,4/16,-276.65
10258,8/24,-34.56
10259,2/22,+101.74
10260,7/25,-281.98
10261,11/4,+175.84
10262,6/18,-175.99
10263,11/3,-262.67
10264,0/12,+279.4
10265,10/7,-15.84
10266,6/28,-135.7
10267,8/6,-42.54
10268,10/12,+17.65
10269,4/13,+147.41
10270,11/19,+58.34
10271,11/8,-196.39
10272,6/9,-111.49
10273,3/20,+109.4
10274,3/10,-76.7
10275,1/19,-182.73
10276,3/10,-178.08
10277,11/23,-196.49
10278,8/18,-43.2
10279,11/2,-128.45
10280,3/13,-320.15
10281,9/6,-28.48
10282,5/19,+315.92
10283,2/24,+205.93
10284,9/2,-290.72
10285,4/24,-99.01
10286,7/27,-188.88
10287,7/23,+39.39
10288,2/19,+218.13
10289,10/14,+224.73
10290,7/5,+94.46
10291,2/10,-183.79
10292,7/16,+212.7
10293,8/11,-199.19
10294,5/1,+292.73
10295,1/15,+131.98
10296,3/19,+282.45
10297,3/16,-198.03
10298,11/26,+31.54
10299,2/0,-293.13
10300,7/16,+216.31
10301,5/10,+165.52
10302,4/20,-12.1
10303,7/1,-87.61
10304,8/17,-135.55
10305,11/12,+135.57
10306,0/12,+228.96
10307,11/18,+118.28
10308,5/4,-125.15
10309,10/27,+156.38
10310,10/28,+218.94
10311,10/10,-51.04
10312,3/10,-263.01
10313,10/18,-130.4
10314,5/13,+109.1
10315,6/19,+221.15
10316,3/17,+72.85
10317,9/23,-94.08
10318,11/3,-75.49
10319,4/27,+167.53
10320,11/15,+98.68
10321,6/20,-196.15
10322,5/14,+34.05
10323,3/21,+296.24
10324,0/7,-327.15
10325,1/2,-181.94
10326,9/5,-272.53
10327,3/13,-310.19
10328,4/0,-184.86
10329,0/12,+221.82
10330,10/21,-56.82
10331,8/9,+278.73
10332,7/23,+61.69
10333,0/2,+319.75
10334,6/18,-93.69
10335,1/21,-344.81
10336,11/28,+280.35
10337,8/2,-210.83
10338,10/26,-40.11
10339,3/21,-170.39
10340,8/3,-237.74
10341,4/13,+79.79
10342,0/18,+74.61
10343,10/9,-310.63
10344,5/24,-300.73
10345,10/11,+257.31
10346,7/27,-102.71
10347,6/27,+307.51
10348,3/8,-238.3
10349,6/17,-260.07
10350,5/13,-156.65
10351,5/26,-249.15
10352,8/8,-320.04
10353,8/20,-346.97
10354,7/11,-143.84
10355,9/3,-301.34
10356,11/11,-139.94
10357,10/24,-89.92
10358,1/14,+194.41
10359,5/27,+198.52
10360,7/29,-215.08
10361,9/25,-210.36
10362,8/21,-65.37
10363,7/7,-24.44
10364,7/26,-254.51
10365,11/7,-270.05
10366,2/3,+304.45
10367,6/24,+105.4
10368,8/19,-346.97
10369,6/13,-143.64
10370,11/26,+305.73
10371,2/24,-133.54
10372,11/23,-33.88
10373,6/7,-28.8
10374,3/0,+94.99
10375,4/9,-35.06
10376,11/11,+272.74
10377,8/21,+345.62
10378,8/3,+158.89
10379,5/20,-145.76
10380,0/21,-187.46
10381,2/8,+329.87
10382,9/24,+292.27
10383,10/14,+229.87
10384,8/13,-185.41
10385,6/6,-341.41
10386,1/16,+297.5
10387,7/19,-322.39
10388,5/3,-322.33
10389,5/25,+12.94
10390,10/13,+57.33
10391,0/25,-142.6
10392,7/5,+122.28
10393,7/25,+213.33
10394,4/18,-64.71
10395,1/11,-326.9
10396,4/4,-94.84
10397,2/4,+124.13
10398,4/17,-90.39
10399,7/10,+271.89
10400,2/23,+336.52
10401,9/21,+296.21
10402,10/13,+146.01
10403,6/11,+170.79
10404,8/8,+166.76
10405,11/26,-217.66
10406,6/28,-257.38
10407,0/3,-45.72
10408,0/5,-222.96
10409,11/9,+183.73
10410,8/23,-116.4
10411,4/6,-247.37
10412,4/8,+85.31
10413,9/9,-231.66
10414,1/18,+246.21
10415,10/10,-229.07
10416,7/28,+165.42
10417,2/24,+305.08
10418,4/1,+26.29
10419,0/18,+237.25
10420,10/1,+310.12
10421,1/12,+232.12
10422,6/14,+102.74
10423,5/25,+15.19
10424,10/0,+16.37
10425,7/3,+240.88
10426,5/10,-342.04
10427,5/0,-181.78
10428,9/29,-181.33
10429,4/22,+176.96
10430,0/9,-225.74
10431,8/21,+139.98
10432,7/21,-30.77
10433,11/21,+115.03
10434,9/0,+58.61
10435,6/26,-78.65
10436,1/6,-197.55
10437,1/14,+263.5
10438,7/19,+54.78
10439,8/9,+321.43
10440,1/22,-317.95
10441,11/10,-318.96
10442,2/22,-333.66
10443,5/6,+347.25
10444,9/0,-241.39
10445,2/24,-46.48
10446,6/28,-243.71
10447,6/29,-298.92
10448,9/23,-346.02
10449,9/10,+59.63
10450,7/5,-26.39
10451,4/7,+315.36
10452,0/11,-107.82
10453,1/7,+337.73
10454,9/10,-94.2
10455,7/20,-340.31
10456,0/24,+141.79
10457,0/20,-230.28
10458,8/0,+71.93
10459,11/29,-324.97
10460,8/22,+227.16
10461,7/18,+181.48
10462,10/9,+179.83
10463,6/14,-270.86
10464,5/4,+347.5
10465,11/0,-137.88
10466,8/14,-82.98
10467,2/19,-245.55
10468,4/17,+226.59
10469,5/9,+214.17
10470,11/2,+335.41
10471,2/7,+142.37
10472,10/9,+28.51
10473,5/1,+150.23
10474,7/7,-81.03
10475,11/10,+280.67
10476,4/6,+250.59
10477,8/18,+13.44
10478,11/3,-177.35
10479,7/3,-116.08
10480,0/5,+161.65
10481,4/8,-235.61
10482,8/24,+194.96
10483,9/6,+13.86
10484,0/19,+20.54
10485,7/28,+53.46
10486,6/2,+12.68
10487,5/11,+191.12
10488,5/12,-341.56
10489,2/5,-146.49
10490,10/25,+334.02
10491,8/27,-349.42
10492,7/29,+36.62
10493,4/5,-119.34
10494,11/18,-220.54
10495,9/8,+125.17
10496,0/16,+177.8
10497,4/22,-202.64
10498,2/27,-291.43
10499,0/1,-348.14
10500,11/12,+107.39
10501,0/27,+283.96
10502,9/27,-254.89
10503,11/3,-267.31
10504,4/11,-331.9
10505,5/0,+327.54
10506,4/22,-194.01
10507,7/24,+133.33
10508,0/9,+45.29
10509,4/23,+27.14
10510,7/3,-236.25
10511,3/16,+76.53
10512,9/19,+57.53
10513,6/22,-50.52
10514,6/23,+161.53
10515,4/19,-176.37
10516,0/29,-269.01
10517,9/20,+162.49
10518,1/15,-303.87
10519,7/24,+275.62
10520,8/19,-79.52
10521,3/20,+322.79
10522,4/23,+168.35
10523,2/3,+249.47
10524,0/4,+109.05
10525,2/21,+221.33
10526,6/10,+13.8
10527,1/14,+337.15
10528,6/28,-162.11
10529,3/20,+20.33
10530,7/26,-300.91
10531,4/24,-254.97
10532,8/5,-48.72
10533,2/19,+223.32
10534,5/16,-187.34
10535,4/8,-70.89
10536,3/9,-46.67
10537,8/14,-51.42
10538,6/5,+174.72
10539,5/23,+211.19
10540,5/29,+246.13
10541,7/23,+310.28
10542,2/28,+223.49
10543,0/21,+82.21
10544,6/25,+316.69
10545,1/29,-247.57
10546,9/11,-333.13
10547,3/8,+63.57
10548,4/17,+44.21
10549,8/20,+50.91
10550,11/27,+303.49
10551,2/17,-309.14
10552,10/23,-99.09
10553,3/0,-29.85
10554,1/10,-299.75
10555,4/0,+108.98
10556,11/27,-57.26
10557,10/3,+315.51
10558,10/10,+235.34
10559,6/6,+227.62
10560,2/18,-192.97
10561,6/22,-54.51
10562,5/29,+29.22
10563,8/9,-242.69
10564,7/10,-301.38
10565,11/20,-164.35
10566,11/7,-63.75
10567,9/12,+268.62
10568,11/20,-270.44
10569,9/0,-161.19
10570,6/21,-270.92
10571,11/18,-207
10572,5/13,-303.21
10573,8/5,+281.13
10574,0/1,+237.23
10575,3/27,-235.57
10576,2/18,+34.05
10577,11/26,+174.95
10578,11/10,+185.56
10579,10/11,-144.02
10580,1/3,-97.69
10581,10/8,+86.05
10582,11/28,+146.88
10583,8/11,+182.59
10584,10/17,-189.72
10585,3/19,-122.4
10586,6/14,-348.66
10587,0/24,-30.65
10588,6/5,+193.89
10589,4/29,-255.54
10590,1/16,+338.06
10591,0/25,-183.42
10592,3/18,+39.49
10593,2/11,+93.08
10594,6/11,+147.78
10595,3/2,+199.08
10596,9/18,-217.58
10597,4/28,-80.64
10598,3/24,+40.92
10599,8/12,+33.77
10600,7/3,-259.64
10601,0/15,-23.2
10602,3/10,+41.51
10603,5/26,-309.76
10604,3/5,-89.28
10605,8/13,-237.21
10606,7/6,-136.8
10607,6/12,-307.87
10608,1/18,+106.1
10609,0/6,-266.9
10610,8/20,-204.35
10611,5/16,+10.45
10612,5/28,+293.56
10613,0/0,-41.69
10614,7/24,-193.46
10615,11/16,+14.78
10616,7/9,-269.66
10617,8/18,-86.49
10618,10/1,-267.66
10619,4/5,+249.64
10620,10/8,+334.8
10621,7/28,+139.22
10622,5/17,-158.63
10623,11/5,-178.34
10624,11/12,-169.7
10625,2/20,+208.3
10626,3/11,+320.86
10627,2/29,+81.61
10628,0/2,+19.2
10629,5/13,+307
10630,6/26,+226.71
10631,3/13,-257.17
10632,11/25,-124.73
10633,5/6,-73.37
10634,7/29,-176.64
10635,11/6,+20.15
10636,0/20,+48.96
10637,1/9,-101.59
10638,5/16,+141.04
10639,1/2,-105.09
10640,4/26,+67.86
10641,9/7,-285.16
10642,3/2,+317.67
10643,2/29,+131.14
10644,10/0,+216.83
10645,1/5,+46.99
10646,5/16,+225.61
10647,7/1,+187.42
10648,8/27,+98.01
10649,9/9,-278.37
10650,6/21,-272.74
10651,6/24,+12.06
10652,3/17,+276.85
10653,9/24,+283.9
10654,6/20,-20.68
10655,3/29,-304
10656,6/13,+137.53
10657,11/19,-217.35
10658,4/6,+195.31
10659,0/25,-263.6
10660,9/29,+210.53
10661,8/9,+29.46
10662,6/21,-23.01
10663,11/4,+269.85
10664,0/6,+77.44
10665,1/11,-218.05
10666,4/3,-239.51
10667,9/4,-243.73
10668,0/24,-194.98
10669,7/12,-204.3
10670,0/28,-156.12
10671,4/27,-161.24
10672,4/20,+240.9
10673,6/1,-323.46
10674,6/4,-20.73
10675,0/8,+31.35
10676,6/27,+304.14
10677,3/12,-66.16
10678,2/2,+192.85
10679,7/1,-32.16
10680,6/0,+300.52
10681,11/26,+319.77
10682,3/29,+220.37
10683,4/8,+232.45
10684,7/4,+83.16
10685,3/25,-324.14
10686,5/27,-121.92
10687,2/29,-71.17
10688,6/3,-229.32
10689,3/9,+311.1
10690,5/16,-133.5
10691,2/14,-231.39
10692,6/11,-226.4
10693,8/6,-138.71
10694,3/22,+284.11
10695,11/8,+279.54
10696,0/20,-206.1
10697,7/2,+281.94
10698,5/25,-223.77
10699,9/10,+97.64
10700,8/7,-74.98
10701,3/24,-189.76
10702,9/18,-251.94
10703,10/3,-291.33
10704,11/24,+261.7
10705,3/15,+64.62
10706,9/2,+11.86
10707,9/16,+275.09
10708,2/24,+238.99
10709,2/10,+326.04
10710,8/25,+255.18
10711,6/25,+198.48
10712,1/6,-65.08
10713,0/24,+288.06
10714,6/16,+240.28
10715,10/0,+197.48
10716,4/15,+312.44
10717,1/25,+276.96
10718,1/20,-207.39
10719,9/19,+53.06
10720,2/10,+157.86
10721,9/18,-146.93
10722,9/28,+82.47
10723,2/18,-322.42
10724,0/23,+254.75
10725,4/5,-293.8
10726,8/11,-25.76
10727,11/1,+250.1
10728,2/8,-38.67
10729,4/21,+219.45
10730,6/16,-78.71
10731,9/24,-297.74
10732,11/15,-88.57
10733,10/27,-197.36
10734,10/11,-346.08
10735,8/24,+48.83
10736,1/24,-28.81
10737,0/21,-288.14
10738,10/28,+55.89
10739,1/9,+274.79
10740,11/13,-108.24
10741,0/13,+77.83
10742,1/25,-134.02
10743,6/27,+326.88
10744,0/14,+205.36
10745,9/17,-299.83
10746,8/13,-225.35
10747,0/16,-216.43
10748,2/26,+330.55
10749,7/6,-129.19
10750,0/1,-143.77
10751,9/10,+79.28
10752,1/2,-235.63
10753,5/23,-216.02
10754,11/10,+41.1
10755,0/13,+107.9
10756,4/20,+86.27
10757,10/29,+273.27
10758,4/26,+271.99
10759,1/14,-276.15
10760,0/1,+105.42
10761,3/24,+87
10762,0/18,-110.24
10763,2/2,-220.96
10764,2/18,-306.93
10765,8/3,+216.7
10766,11/8,-294.5
10767,10/29,+88.54
10768,9/9,-347.3
10769,9/25,-176.82
10770,0/20,-326.35
10771,6/16,-173.88
10772,4/15,-62.6
10773,5/28,-64.33
10774,6/5,+253.4
10775,4/14,+205.6
10776,6/5,-304.01
10777,4/4,-72.9
10778,8/12,-343.97
10779,3/22,+128.52
10780,4/13,+127.51
10781,4/5,+13.96
10782,6/7,+335.2
10783,9/8,+321.64
10784,9/26,+327.41
10785,7/28,+17.08
10786,9/11,-260.71
10787,9/14,-289.95
10788,6/14,+31.01
10789,3/17,+66.89
10790,6/4,-117.88
10791,3/12,+231.87
10792,11/9,-109.46
10793,1/2,-188.2
10794,5/5,-343.51
10795,0/8,+309.29
10796,11/6,+233.82
10797,9/1,-323.81
10798,11/15,-336.38
10799,0/7,+199.54
10800,5/7,-303.44
10801,8/19,+334.05
10802,6/10,-62.34
10803,3/22,+244.76
10804,7/21,+119.93
10805,7/21,+126.99
10806,1/27,+325.36
10807,1/9,-308.02
10808,11/24,-198.45
10809,0/3,+134.35
10810,3/4,-239.23
10811,3/12,+180.08
10812,5/6,+302.39
10813,7/9,+318.22
10814,8/29,+157.56
10815,11/2,+27.96
10816,1/17,+250.79
10817,7/24,+320.01
10818,7/10,-260.35
10819,6/8,+198.02
10820,3/6,-67.64
10821,9/2,-92.77
10822,0/26,-14.86
10823,11/23,+233.46
10824,4/26,+326.43
10825,8/9,-106.72
10826,6/21,-189.94
10827,10/7,-217.34
10828,11/9,+37.35
10829,1/19,-226.63
10830,7/9,+57.47
10831,2/13,-121.77
10832,1/29,-284.09
10833,8/22,-220.46
10834,8/17,+39.18
10835,3/15,+258.55
10836,8/3,+299.09
10837,4/0,+214.55
10838,8/3,-49.25
10839,0/12,+174.67
10840,2/8,-32.76
10841,1/29,+86.83
10842,9/12,+244.92
10843,1/25,-338.11
10844,0/11,+163.45
10845,0/20,-232.66
10846,4/28,-96.04
10847,10/16,+306.15
10848,4/19,+314.46
10849,8/22,-176.83
10850,10/29,+171.5
10851,7/20,-287.42
10852,10/1,-316.73
10853,7/10,+340.99
10854,2/3,+321.68
10855,7/5,+206.81
10856,4/6,-72.34
10857,2/12,-86.22
10858,6/25,+59.31
10859,4/27,+327.71
10860,5/28,+275.23
10861,8/10,-295.09
10862,6/11,-131.86
10863,4/20,+84.35
10864,1/7,-163.08
10865,7/27,-177.39
10866,11/16,-274.83
10867,4/9,+230.79
10868,6/11,+245.38
10869,4/1,+29.7
10870,4/14,-217.97
10871,3/5,+36.67
10872,11/21,-234.63
10873,9/28,+89.92
10874,7/21,-110.38
10875,11/6,-77.29
10876,8/9,+17.77
10877,6/24,-271.6
10878,11/23,+288.29
10879,3/13,+53.42
10880,11/18,+196
10881,3/7,-18.87
10882,4/5,+212.59
10883,11/16,-135.87
10884,3/11,-300.58
10885,7/25,-39.52
10886,5/23,+293.88
10887,5/11,+316.42
10888,7/5,+127.57
10889,3/15,+302.43
10890,1/16,-346.42
10891,8/9,+160.82
10892,1/16,-273.72
10893,11/24,-309.51
10894,1/13,+113.99
10895,5/8,+176.56
10896,5/13,-132.55
10897,1/22,-11.85
10898,2/27,+152.62
10899,3/20,-136.52
10900,6/29,+249.66
10901,6/12,-347.98
10902,0/16,-37.45
10903,3/14,-199.46
10904,4/17,-152.68
10905,2/20,-281.78
10906,7/1,-303.59
10907,8/24,-147.03
10908,4/24,+275.35
10909,7/17,+250.68
10910,4/7,-117.47
10911,11/4,-245.96
10912,1/25,-268.76
10913,2/17,+175.59
10914,7/11,+89.98
10915,1/22,+335.19
10916,10/14,+335.11
10917,8/17,+176.38
10918,8/17,-236.27
10919,8/6,-109.99
10920,0/24,-85.47
10921,2/24,-59.96
10922,6/28,+175.77
10923,7/17,-253.21
10924,2/25,-229.91
10925,1/19,-58.47
10926,10/8,+344.88
10927,6/24,+208.1
10928,11/6,+169.67
10929,8/23,+99.32
10930,11/18,-89.24
10931,3/26,+103.01
10932,8/27,+105.55
10933,1/2,+284.98
10934,6/21,+176.56
10935,2/3,+327.21
10936,0/9,-11.3
10937,1/6,+17.47
10938,5/28,+310.39
10939,8/20,-226.47
10940,7/24,-295.58
10941,2/8,-81.08
10942,5/11,+34.91
10943,7/15,+189.6
10944,6/2,-51.44
10945,3/19,+209.21
10946,2/26,+234.95
10947,2/17,-73.24
10948,7/28,-142.25
10949,2/8,-84.3
10950,1/13,+120.66
10951,0/20,-345.41
10952,11/5,-238.9
10953,1/10,+243.38
10954,4/8,-311.97
10955,7/12,+41.55
10956,8/29,+277.98
10957,9/26,+13.31
10958,8/17,-49.9
10959,5/7,-253.84
10960,2/26,-119.95
10961,0/19,+128.79
10962,6/15,-290.74
10963,9/2,-34.23
10964,10/28,-272.1
10965,5/4,+199.9
10966,11/15,-128.04
10967,8/0,-69.78
10968,4/25,+98.73
10969,0/12,-115.39
10970,5/0,+336.29
10971,7/27,+185.39
10972,4/20,+67.09
10973,10/9,+32.63
10974,8/22,+260.01
10975,10/2,-139.87
10976,1/16,+279.85
10977,7/12,-77.11
10978,2/4,-165.38
10979,4/19,-236.54
10980,2/16,+231.23
10981,1/23,-79.48
10982,3/10,+148.85
10983,6/22,-173.77
10984,11/20,-91.46
10985,10/22,-116.47
10986,9/15,-205.9
10987,11/7,-306.55
10988,6/3,+246.23
10989,11/19,-291.35
10990,5/6,-316.21
10991,11/28,+342.57
10992,5/1,-197.01
10993,7/6,+90.28
10994,0/10,-225.01
10995,10/20,+330.52
10996,11/5,+300.75
10997,5/28,+34.51
10998,2/21,+320.22
10999,2/3,-54.99
11000,6/21,-166.39
11001,8/1,+305.68
11002,6/2,+87.6
11003,3/19,-10.52
11004,7/21,+79.66
11005,2/9,+116.58
11006,9/1,+239.95
11007,9/21,-240.34
11008,4/29,+171.23
11009,4/23,-264.91
11010,0/20,+227.94
11011,9/8,-212.62
11012,3/10,-118.26
11013,2/20,+17.75
11014,4/10,-303.98
11015,1/13,+81.89
11016,11/24,-323.84
11017,9/28,-60.71
11018,10/24,+155.03
11019,2/25,-130.48
11020,9/22,+94.34
11021,2/5,-111.59
11022,9/27,+224.37
11023,8/26,+338.57
11024,9/26,+213.53
11025,10/6,-177.58
11026,10/14,+47.83
11027,7/18,-285.66
11028,0/8,+200.24
11029,0/29,-22.75
11030,9/7,+51.15
11031,8/16,-118.6
11032,4/1,+300.02
11033,8/5,+199.62
11034,6/28,-117.31
11035,11/1,+338.03
11036,3/26,-12.68
11037,5/22,+165.56
11038,11/13,-76.23
11039,11/1,-274.35
11040,4/1,-279.78
11041,3/1,+44.68
11042,4/0,+255.5
11043,4/9,-235.51
11044,10/29,+274.75
11045,5/21,-79.39
11046,8/26,+113.76
11047,10/19,-102.57
11048,0/7,-206.95
11049,5/6,+300.25
11050,11/1,-45.45
11051,4/7,+173.63
11052,1/22,+222.46
11053,5/10,-84.63
11054,10/10,+119.12
11055,3/13,-130.1
11056,8/21,-200.82
11057,7/8,-254.75
11058,0/7,+130.81
11059,10/27,+232.22
11060,7/9,+29.5
11061,8/3,+150.13
11062,7/8,-32.74
11063,2/19,-158.12
11064,9/19,-110.74
11065,6/16,+27.04
11066,3/17,-304.75
11067,6/10,-62.77
11068,7/27,+283.36
11069,5/26,-232
11070,1/29,+187.05
11071,2/2,+77.68
11072,4/24,-129.92
11073,0/1,-123.09
11074,11/3,-99.25
11075,4/28,+142.94
11076,1/0,-251.55
11077,5/27,+218.92
11078,10/10,-154.18
11079,2/17,+91.36
11080,5/11,-117.45
11081,7/18,+42.83
11082,4/15,-98.53
11083,10/16,+29.25
11084,6/22,-71.23
11085,3/21,+287.98
11086,6/19,+88.79
11087,3/22,+153.16
11088,9/16,-120.08
11089,9/7,-229.9
11090,9/2,+94.84
11091,2/23,-137.48
11092,3/13,-230.34
11093,6/26,+158.46
11094,4/23,+176.18
11095,4/19,-74.6
11096,1/4,-53.35
11097,8/3,-65.53
11098,9/10,-127.36
11099,9/25,+49.28
11100,8/11,-293.25
11101,5/14,-133.27
11102,2/18,+247.33
11103,0/1,+226.2
11104,3/20,+255.31
11105,1/13,+35.04
11106,10/21,-282.62
11107,3/23,-222.67
11108,0/12,-179.7
11109,0/12,-233.77
11110,2/26,-166.54
11111,11/12,+111.78
11112,4/1,+166.91
11113,5/0,+333.36
11114,0/26,-23.66
11115,2/21,+337.31
11116,4/26,-338
11117,10/0,+160.09
11118,9/1,+313.27
11119,1/20,+52.62
11120,0/28,+290.9
11121,5/28,+253.22
11122,11/5,+149.84
11123,7/19,-266.07
11124,8/21,-131.1
11125,2/15,+176.38
11126,6/16,-247.37
11127,5/28,+251.09
11128,2/11,-296.03
11129,7/4,-282.28
11130,6/21,-178.24
11131,10/27,+347.13
11132,3/15,+129.53
11133,1/26,-99.25
11134,0/24,-220.29
11135,4/6,+316.41
11136,1/9,+133.23
11137,4/21,+149.94
11138,11/5,-129.02
11139,10/19,+133.25
11140,3/29,-343.66
11141,11/16,+59.06
11142,1/6,-130.57
11143,9/20,+174.24
11144,0/26,+132.51
11145,6/3,-291.43
11146,1/25,+157.63
11147,10/4,-245.06
11148,2/28,-281.31
11149,1/19,+134.06
11150,1/9,-32.52
11151,11/26,-138.22
11152,1/26,-188.26
11153,5/29,-299.71
11154,4/13,-142.06
11155,6/14,+232.5
11156,2/19,-178.2
11157,8/5,+201.88
11158,4/28,-116.97
11159,5/5,+300.4
11160,8/5,+235.56
11161,0/14,+214.53
11162,2/4,+78.05
11163,5/1,-101.64
11164,9/25,+30.62
11165,2/3,+86.06
11166,7/6,-304.99
11167,5/19,+267.6
11168,2/18,-24.32
11169,5/9,-245.87
11170,5/19,+334.14
11171,4/11,-265.08
11172,6/8,+212.31
11173,3/15,+115.44
11174,7/17,+148.13
11175,10/5,-38.43
11176,3/15,-15.78
11177,10/23,+200.65
11178,0/18,+59.31
11179,7/23,+234.95
11180,1/10,-234.64
11181,7/3,-95.58
11182,7/23,-95.52
11183,0/4,+44.41
11184,9/3,-62.58
11185,11/27,-306.36
11186,4/5,+137.12
11187,11/3,-118.67
11188,11/24,-18.56
11189,1/9,-340.88
11190,8/29,-91.87
11191,2/3,+34.99
11192,8/25,-283.1
11193,10/29,+75.44
11194,1/17,+103.89
11195,7/4,-311.63
11196,3/16,+182.08
11197,7/23,-265.46
11198,3/17,-245.1
11199,6/6,-268.85
11200,11/4,-106.05
11201,4/27,-236.79
11202,7/23,-145.27
11203,8/0,+93.14
11204,11/21,+235.7
11205,7/1,-67.87
11206,9/11,+167.08
11207,6/5,+118.82
11208,0/4,-121.11
11209,10/8,+291.02
11210,1/7,-75.78
11211,6/25,-302.23
11212,7/9,+338.93
11213,2/12,-244.18
11214,1/0,-323.73
11215,1/28,+87.91
11216,6/2,-206.1
11217,9/8,-309.77
11218,0/14,-184.25
11219,5/10,-222.4
11220,0/23,-300.79
11221,5/21,+81.11
11222,2/11,-161.53
11223,10/16,-103.76
11224,2/7,+132.9
11225,2/8,+239.14
11226,9/14,-149.43
11227,5/20,-191.76
11228,8/4,+158.03
11229,9/21,-15.06
11230,8/8,+187.82
11231,8/15,+190.38
11232,5/5,-109.38
11233,8/6,+183.48
11234,10/0,-48.79
11235,5/18,-130.85
11236,1/8,+267.7
11237,8/3,-253.08
11238,3/11,-192.01
11239,1/14,-30.84
11240,3/16,+217.25
11241,6/9,+276.33
11242,7/16,-163.93
11243,9/11,+300.61
11244,1/11,-148.1
11245,9/23,+60.39
11246,2/0,-23.56
11247,9/13,+265.37
11248,4/1,-285.29
11249,4/17,-237.11
11250,4/4,-267.76
11251,4/4,+24.02
11252,4/13,+254
11253,2/16,-294.45
11254,8/24,-155.94
11255,3/6,-78.17
11256,9/12,+315.26
11257,8/21,+264.65
11258,4/25,-187.42
11259,8/21,-140.1
11260,9/5,+113.25
11261,1/0,+168.54
11262,10/4,+218.78
11263,9/5,-305.05
11264,5/8,+120.97
11265,6/12,-98.68
11266,1/13,+86.01
11267,3/6,-122.14
11268,3/22,-126.41
11269,0/15,-257.02
11270,5/10,-210.43
11271,2/25,+188.42
11272,10/12,+269.54
11273,4/14,+223.99
11274,2/13,+86.32
11275,0/9,-40.8
11276,6/20,-290.65
11277,10/24,+16.88
11278,4/20,+104.69
11279,10/2,-249.2
11280,10/27,+118.36
11281,3/13,-323.7
11282,11/2,+116.93
11283,3/24,+254.42
11284,11/3,+169.1
11285,8/9,+51.64
11286,2/14,-65.19
11287,11/5,-171.62
11288,10/18,+327.92
11289,7/4,+39.58
11290,5/18,-272.5
11291,7/5,+239.54
11292,3/17,+24.9
11293,3/26,+300.99
11294,10/23,-59.81
11295,3/16,+14.67
11296,8/27,-252.58
11297,11/20,-32.12
11298,6/25,+153.99
11299,0/5,-156.3
11300,1/21,+85.01
11301,8/19,-70.18
11302,2/12,+339.83
11303,8/24,-338.42
11304,8/0,+75.93
11305,2/25,-47.38
11306,5/14,-255.16
11307,11/22,+170.51
11308,8/17,-270.97
11309,7/3,-128.52
11310,1/7,-118.11
11311,3/22,+195.62
11312,7/4,+266.57
11313,1/11,+110.52
11314,0/0,-235.86
11315,3/21,+227.92
11316,7/17,+190.93
11317,6/23,-95.17
11318,1/28,-189.76
11319,8/5,+270.3
11320,9/22,-41.04
11321,0/23,+162.6
11322,5/7,+146.09
11323,10/1,-309.13
11324,9/3,-228.45
11325,7/9,+192.36
11326,8/9,-191.71
11327,7/18,+166.48
11328,9/15,+294.83
11329,5/13,-266.88
11330,8/19,-319.19
11331,5/14,-304.09
11332,6/23,-153.93
11333,9/17,-251.42
11334,7/3,-229.6
11335,2/0,+325.82
11336,2/4,+194.31
11337,1/18,-47.44
11338,7/23,-144.93
11339,9/14,+140.24
11340,5/8,-240.05
11341,7/21,-302.26
11342,4/13,+306.05
11343,7/17,+112.91
11344,0/4,-29.81
11345,6/0,+29.73
11346,3/27,+39.37
11347,11/8,+147.88
11348,9/8,-279.6
11349,0/12,+225.52
11350,6/25,-154.12
11351,2/9,+49.36
11352,6/10,+104.19
11353,11/29,+59.23
11354,4/18,+311.94
11355,8/18,-278.4
11356,0/8,-131.57
11357,3/18,-73.92
11358,4/11,+248.09
11359,3/0,+136.38
11360,3/4,-222.66
11361,9/1,+58.87
11362,4/12,-165.33
11363,9/4,-41.42
11364,6/10,-88.08
11365,8/24,+20.54
11366,1/15,+147.87
11367,3/20,+118.46
11368,1/23,+207.95
11369,8/9,-75.08
11370,5/21,+156.11
11371,6/13,+38.05
11372,6/8,+298.46
11373,11/0,-209.32
11374,10/26,-242.17
11375,2/14,-80.44
11376,0/8,-134.17
11377,10/12,+208.39
11378,3/26,+342.62
11379,2/7,+283.39
11380,1/19,-36.22
11381,4/1,-175.57
11382,9/0,+194.75
11383,7/4,+84.57
11384,5/8,-232.95
11385,4/21,+283.47
11386,0/15,+115.08
11387,8/25,+263.55
11388,5/1,+126.38
11389,9/22,+221.34
11390,5/15,-259.11
11391,9/8,+130.25
11392,4/17,+230.6
11393,1/2,+115.88
11394,0/6,-110.26
11395,3/29,-186.29
11396,9/7,+138.7
11397,7/20,-33.98
11398,11/26,-18.79
11399,7/3,+266.46
11400,4/5,-269.03
11401,3/12,+237.95
11402,3/24,-169.55
11403,9/6,-333.04
11404,4/10,+286.79
11405,9/5,-220.9
11406,10/26,+317.81
11407,0/9,+282.75
11408,11/21,+77.55
11409,8/2,-97.79
11410,9/10,-253.77
11411,0/4,-344.85
11412,1/17,+242.64
11413,10/24,+96
11414,10/24,-305.71
11415,1/12,-337.86
11416,2/2,+249.46
11417,3/12,+323.81
11418,0/4,+164.25
11419,0/23,-205.11
11420,9/6,+199.82
